{"cameraMode":{"drawMode":0,"name":"Shaded","section":"Shading Mode"},"sceneLighting":true,"audioPlay":false,"sceneViewState":{"m_AlwaysRefresh":false,"showFog":true,"showSkybox":true,"showFlares":true,"showImageEffects":true,"showParticleSystems":true,"showVisualEffectGraphs":true,"m_FxEnabled":true},"in2DMode":false,"pivot":{"x":-14.236213684082032,"y":13.34809398651123,"z":-22.580711364746095},"rotation":{"x":-0.03681043162941933,"y":0.023377247154712678,"z":-0.0008496349328197539,"w":-0.9991434812545776},"size":34.84469985961914,"orthographic":false}